{"cameraMode":{"drawMode":0,"name":"Shaded","section":"Shading Mode"},"sceneLighting":false,"audioPlay":false,"sceneViewState":{"showFog":true,"showMaterialUpdate":true,"showSkybox":false,"showFlares":true,"showImageEffects":true,"showParticleSystems":true},"in2DMode":false,"pivot":{"x":-1.5867820978164673,"y":-6.770259857177734,"z":-3.3031973838806154},"rotation":{"x":0.812424898147583,"y":0.08032193779945374,"z":-0.11531741172075272,"w":0.5658831000328064},"size":11.793298721313477,"orthographic":false}